{
  "norm_stats": {
    "observation.state": {
      "mean": [
        -0.00014979683328419924,
        0.00005756238169851713,
        -0.00031030605896376073,
        -1.6164727210998535,
        0.00017959426622837782,
        -3.9995607039600145e-6,
        0.000050012637075269595,
        -0.690199613571167,
        -0.08212798833847046,
        0.7029722929000854,
        -1.2146453857421875,
        -0.05875443294644356,
        -0.152272567152977,
        -0.5402272343635559,
        30.754077911376953,
        23.558086395263672
      ],
      "std": [
        0.0024579097516834736,
        0.0015069374348968267,
        0.004075536038726568,
        0.0022375858388841152,
        0.005052659194916487,
        0.005079155787825584,
        0.0005442800465971231,
        0.25822749733924866,
        0.14408178627490997,
        0.39574378728866577,
        0.26934099197387695,
        0.28928372263908386,
        0.3147035241127014,
        0.2724919021129608,
        0.25946441292762756,
        8.481821060180664
      ],
      "q01": [
        -0.0008716523819311955,
        -0.000015677340328694445,
        -0.0008914029479026586,
        -1.6172471702575684,
        -0.000013925568014383494,
        -0.0000408519506454319,
        -8.340262062847895e-6,
        -1.22492568693161,
        -0.5237026348739863,
        0.08693157276430284,
        -1.8659965975284576,
        -0.7736445940494537,
        -0.565145544052124,
        -1.1748005345344543,
        30.286276971817017,
        11.089180994224549
      ],
      "q99": [
        -8.134077696009268e-6,
        0.00020756758749485016,
        -0.00003428472876548794,
        -1.6151080220222473,
        0.0004198611490428446,
        0.0004025523066520653,
        0.0004236597383394849,
        -0.0426806665658952,
        0.09704006911218166,
        1.6739179246457412,
        -0.6699223775625227,
        0.8370149996519087,
        0.8754008748531341,
        -0.002076878964901052,
        31.21049232673645,
        31.02125789108276
      ],
      "q02": [
        -0.0008716523819311955,
        -0.000015677340328694445,
        -0.0008914029479026586,
        -1.6171110426425934,
        -0.000013925568014383494,
        -0.0000408519506454319,
        -8.340262062847895e-6,
        -1.1804153787434102,
        -0.46649915576577183,
        0.10771829576123856,
        -1.8120221291184424,
        -0.7048083910465242,
        -0.5131048619031906,
        -1.0908158490180968,
        30.32172632789612,
        11.205038218688966
      ],
      "q98": [
        -8.134077696009268e-6,
        0.00019039490073919328,
        -0.00003428472876548794,
        -1.6151274688243866,
        0.0004198611490428446,
        0.0004025523066520653,
        0.0004156597383320332,
        -0.10960623787045476,
        0.08609022822678092,
        1.5691848203150265,
        -0.7229715693712233,
        0.7160138615608216,
        0.8290167885899544,
        -0.049318264567852044,
        31.18960252761841,
        30.97028071231842
      ]
    },
    "action": {
      "mean": [
        -0.00017794614541344345,
        0.00012530286039691418,
        -0.00024597716401331127,
        -1.6181018352508545,
        0.00022782701125834137,
        -0.00011336305760778487,
        0.000051796410843962803,
        -0.6813522577285767,
        -0.08624417334794998,
        0.7008804678916931,
        -1.2233929634094238,
        -0.05894547700881958,
        -0.15552861988544464,
        -0.5500203967094421,
        30.0,
        17.875930786132812
      ],
      "std": [
        0.0025355771649628878,
        0.0015931555535644293,
        0.004203561693429947,
        0.0052815694361925125,
        0.005213996395468712,
        0.005252595525234938,
        0.0005684122443199158,
        0.26563116908073425,
        0.14672636985778809,
        0.39452123641967773,
        0.2690695524215698,
        0.2933644950389862,
        0.3224300444126129,
        0.2840721309185028,
        0.0,
        14.672056198120117
      ],
      "q01": [
        -0.0010803424371406412,
        -0.00001905977651476924,
        -0.0007552080447829346,
        -1.618523814201355,
        -0.000041220697760583486,
        -0.0005281957685947525,
        -0.000011701589450239733,
        -1.2243756730020046,
        -0.5343480261683464,
        0.09048669402897358,
        -1.8691593515992164,
        -0.7746652413129806,
        -0.5978075990557671,
        -1.2785141190052032,
        30.0,
        0.0
      ],
      "q99": [
        0.00001862280443311326,
        0.0009470666944980614,
        -0.00002300744792302356,
        -1.6168307466506957,
        0.0008290262550115571,
        0.00020693710446356706,
        0.000441806894168258,
        0.01050811061859136,
        0.09764886535108097,
        1.6827799915522337,
        -0.6758071331322193,
        0.8585059639215471,
        0.8874100200057029,
        -0.006031690526008715,
        30.0,
        29.994
      ],
      "q02": [
        -0.0010803424371406412,
        -0.00001905977651476924,
        -0.0007552080447829346,
        -1.618523814201355,
        -0.000041220697760583486,
        -0.0005281957685947525,
        -0.000011701589450239733,
        -1.179505771702528,
        -0.47468467473387715,
        0.11153567230105402,
        -1.8136923145353794,
        -0.7035859277248383,
        -0.5362069700717926,
        -1.1848508487701417,
        30.0,
        0.0
      ],
      "q98": [
        -2.5111425202284376e-6,
        0.0009288378931581968,
        -0.00002300744792302356,
        -1.6168307466506957,
        0.0008290262550115571,
        0.00020693710446356706,
        0.0004334085889160632,
        -0.06897571454048146,
        0.08638790166974075,
        1.5758841999351978,
        -0.7273817465424537,
        0.739489438843727,
        0.8469727972984313,
        -0.0537553567886353,
        30.0,
        29.994
      ]
    }
  },
  "count": 57292
}